model,drive
Accord,FWD
Civic,FWD
Mustang,RWD
Impala,FWD
Malibu,FWD
Sonata,FWD
Odyssey,FWD
Focus,FWD
Elantra,FWD
Corolla,FWD
Fusion,FWD
Cruze,FWD
Camaro,RWD
Jetta,FWD
Grand Caravan,FWD
Sentra,FWD
Soul,FWD
Optima,FWD
Passat,FWD
Maxima,FWD
Beetle,FWD
Taurus,FWD
200,FWD
Versa,FWD
Forte,FWD
Civic LX,FWD
Camry LE,FWD
Accent,FWD
C10,RWD
PT Cruiser,FWD
Fusion SE,FWD
Town & Country,FWD
Focus SE,FWD
Sonic,FWD
Corolla LE,FWD
Cobalt,FWD
Town Car,RWD
Civic EX,FWD
Accord EX-L,FWD
Fit,FWD
G6,FWD
6 (Mazda),FWD
Fiesta,FWD
Avenger,FWD
LaCrosse,FWD
Lucerne,FWD
Cruze LT,FWD
Transit Connect,FWD
Veloster,FWD
Grand Prix,FWD
Accord LX,FWD
Malibu LT,FWD
DTS,FWD
DeVille,FWD
Express,RWD
Impala LT,FWD
Mustang GT,RWD
Avalon,FWD
Sable,FWD
Freightliner Cascadia,RWD
Rio,FWD
Thunderbird,RWD
Cooper S,FWD
Spark,FWD
Corolla S,FWD
Dart,FWD
Town and Country,FWD
Lancer,FWD
LeSabre,FWD
Peterbilt 579,RWD
Econoline,RWD
TSX,FWD
E450 Bus,RWD
Aveo,FWD
E-350,RWD
Odyssey EX-L,FWD
Monte Carlo,FWD
Caravan,FWD
HHR,FWD
5 (Mazda),FWD
Express 2500,RWD
Camry SE,FWD
500,FWD
